Significant_level,FDR
0.01,0.241203117614782
0.05,0.303187634616318
